INSERT INTO coronatickets.usuarios (clave, id, tipo, apellido, nickname, nombre, email, fechaNacimiento, imagen) VALUES ('a35b1968765a9df8ab3fbb183fb26c44869f84404e2b68e47ba09f646141870c212f2a392e67f6c50466b0fc9068100d2ab35ee2ed39d36449b6ded24610de88', 1, 'artista', 'Ross', 'jaimeross', 'Jaime', 'jaimito@gmail.com', '2021-10-07', 'jaimeross.jpg');
INSERT INTO coronatickets.usuarios (clave, id, tipo, apellido, nickname, nombre, email, fechaNacimiento, imagen) VALUES ('a35b1968765a9df8ab3fbb183fb26c44869f84404e2b68e47ba09f646141870c212f2a392e67f6c50466b0fc9068100d2ab35ee2ed39d36449b6ded24610de88', 2, 'artista', 'Shakira', 'shakira', 'shakira', 'shakira@gmail.com', '2021-10-07', 'shakira.jpg');
INSERT INTO coronatickets.usuarios (clave, id, tipo, apellido, nickname, nombre, email, fechaNacimiento, imagen) VALUES ('a35b1968765a9df8ab3fbb183fb26c44869f84404e2b68e47ba09f646141870c212f2a392e67f6c50466b0fc9068100d2ab35ee2ed39d36449b6ded24610de88', 3, 'artista', 'De la vela', 'enanodelavela', 'Enano', 'enanodepresivo@gmail.com', '2021-10-07', 'enanodelavela.jpg');
INSERT INTO coronatickets.usuarios (clave, id, tipo, apellido, nickname, nombre, email, fechaNacimiento, imagen) VALUES ('a35b1968765a9df8ab3fbb183fb26c44869f84404e2b68e47ba09f646141870c212f2a392e67f6c50466b0fc9068100d2ab35ee2ed39d36449b6ded24610de88', 4, 'artista', 'Mercury', 'fredy', 'Fredy', 'fredyqueen@gmail.com', '2021-10-07', 'fredy.jpg');
INSERT INTO coronatickets.usuarios (clave, id, tipo, apellido, nickname, nombre, email, fechaNacimiento, imagen) VALUES ('a35b1968765a9df8ab3fbb183fb26c44869f84404e2b68e47ba09f646141870c212f2a392e67f6c50466b0fc9068100d2ab35ee2ed39d36449b6ded24610de88', 5, 'artista', 'LaCarni', 'paulmakarni', 'Pon', 'paul@beatles.com', '2021-10-07', 'paulmakarni.jpg');
INSERT INTO coronatickets.usuarios (clave, id, tipo, apellido, nickname, nombre, email, fechaNacimiento, imagen) VALUES ('a35b1968765a9df8ab3fbb183fb26c44869f84404e2b68e47ba09f646141870c212f2a392e67f6c50466b0fc9068100d2ab35ee2ed39d36449b6ded24610de88', 6, 'espectador', 'Desprolijo bueno', 'charlygood', 'Carlos', 'charlygood@penadoy.com', '2021-10-07', 'charlygood.jpg');
INSERT INTO coronatickets.usuarios (clave, id, tipo, apellido, nickname, nombre, email, fechaNacimiento, imagen) VALUES ('a35b1968765a9df8ab3fbb183fb26c44869f84404e2b68e47ba09f646141870c212f2a392e67f6c50466b0fc9068100d2ab35ee2ed39d36449b6ded24610de88', 7, 'espectador', 'Castro', 'elchory', 'No me acuerdo', 'chori@naciomal.com', '2021-10-07', 'elchory.jpg');
INSERT INTO coronatickets.usuarios (clave, id, tipo, apellido, nickname, nombre, email, fechaNacimiento, imagen) VALUES ('a35b1968765a9df8ab3fbb183fb26c44869f84404e2b68e47ba09f646141870c212f2a392e67f6c50466b0fc9068100d2ab35ee2ed39d36449b6ded24610de88', 8, 'espectador', 'Forlan', 'cachibacha', 'Diego10', 'diego@teRajaronAPatadasDelDelManya.com', '2021-10-07', 'cachibacha.jpg');
INSERT INTO coronatickets.usuarios (clave, id, tipo, apellido, nickname, nombre, email, fechaNacimiento, imagen) VALUES ('a35b1968765a9df8ab3fbb183fb26c44869f84404e2b68e47ba09f646141870c212f2a392e67f6c50466b0fc9068100d2ab35ee2ed39d36449b6ded24610de88', 9, 'espectador', 'Suarez', 'lucho', 'Luis', 'luisito@paraDeMorder.com', '2021-10-07', 'lucho.jpg');
INSERT INTO coronatickets.usuarios (clave, id, tipo, apellido, nickname, nombre, email, fechaNacimiento, imagen) VALUES ('a35b1968765a9df8ab3fbb183fb26c44869f84404e2b68e47ba09f646141870c212f2a392e67f6c50466b0fc9068100d2ab35ee2ed39d36449b6ded24610de88', 10, 'espectador', 'Balotelli', 'mario', 'Mario', 'marito@hagocagadas.com', '2021-10-07', 'mario.jpg');
INSERT INTO coronatickets.usuarios (clave, id, tipo, apellido, nickname, nombre, email, fechaNacimiento, imagen) VALUES ('a35b1968765a9df8ab3fbb183fb26c44869f84404e2b68e47ba09f646141870c212f2a392e67f6c50466b0fc9068100d2ab35ee2ed39d36449b6ded24610de88', 11, 'artista', 'Presley', 'elvis', 'Elvis', 'elvis@fenomeno.com', '2021-10-07', 'elvis.jpg');
INSERT INTO coronatickets.usuarios (clave, id, tipo, apellido, nickname, nombre, email, fechaNacimiento, imagen) VALUES ('a35b1968765a9df8ab3fbb183fb26c44869f84404e2b68e47ba09f646141870c212f2a392e67f6c50466b0fc9068100d2ab35ee2ed39d36449b6ded24610de88', 12, 'espectador', 'afdads', 'elnicknameloco', 'Fede', 'dsafadsf@hom.com', '2021-10-08', 'elnicknameloco.jpg');
INSERT INTO coronatickets.usuarios (clave, id, tipo, apellido, nickname, nombre, email, fechaNacimiento, imagen) VALUES ('a35b1968765a9df8ab3fbb183fb26c44869f84404e2b68e47ba09f646141870c212f2a392e67f6c50466b0fc9068100d2ab35ee2ed39d36449b6ded24610de88', 13, 'espectador', 'adsf', 'user1', 'adsf', 'dsafadsf@hosm.com', '2021-10-08', 'user1.jpg');
INSERT INTO coronatickets.usuarios (clave, id, tipo, apellido, nickname, nombre, email, fechaNacimiento, imagen) VALUES ('a35b1968765a9df8ab3fbb183fb26c44869f84404e2b68e47ba09f646141870c212f2a392e67f6c50466b0fc9068100d2ab35ee2ed39d36449b6ded24610de88', 14, 'espectador', 'adsfadfa', 'sholooo', 'adsfasdf', 'dsafadsf@hotmail.com', '2021-10-07', 'sholooo.jpg');
INSERT INTO coronatickets.usuarios (clave, id, tipo, apellido, nickname, nombre, email, fechaNacimiento, imagen) VALUES ('a35b1968765a9df8ab3fbb183fb26c44869f84404e2b68e47ba09f646141870c212f2a392e67f6c50466b0fc9068100d2ab35ee2ed39d36449b6ded24610de88', 15, 'espectador', 'Imba', 'colimba', 'Col', 'hola@hola.com', '2021-10-04', 'colimba.jpeg');
INSERT INTO coronatickets.usuarios (clave, id, tipo, apellido, nickname, nombre, email, fechaNacimiento, imagen) VALUES ('a35b1968765a9df8ab3fbb183fb26c44869f84404e2b68e47ba09f646141870c212f2a392e67f6c50466b0fc9068100d2ab35ee2ed39d36449b6ded24610de88', 16, 'espectador', 'Traiman', 'fede', 'Federico', 'fede@montevideo.com.uy', '2021-10-06', 'fede.jpeg');
INSERT INTO coronatickets.usuarios (clave, id, tipo, apellido, nickname, nombre, email, fechaNacimiento, imagen) VALUES ('a35b1968765a9df8ab3fbb183fb26c44869f84404e2b68e47ba09f646141870c212f2a392e67f6c50466b0fc9068100d2ab35ee2ed39d36449b6ded24610de88', 17, 'espectador', 'Nombre prueba', 'prueba', 'Nombre prueba', 'prueba@prueba.com', '2021-10-04', 'prueba.png');
INSERT INTO coronatickets.usuarios (clave, id, tipo, apellido, nickname, nombre, email, fechaNacimiento, imagen) VALUES ('a35b1968765a9df8ab3fbb183fb26c44869f84404e2b68e47ba09f646141870c212f2a392e67f6c50466b0fc9068100d2ab35ee2ed39d36449b6ded24610de88', 34, 'espectador', 'Messi', 'messi', 'Lionel', 'messi@messi.com', '2000-08-11', 'messi.png');

INSERT INTO coronatickets.datos_artistas (linkUsuario, nickname, descripcion, biografia) VALUES ('www.jaime.com', 'jaimeross', 'La nueva descripcion de Jaime', 'La biografia de Jaime');
INSERT INTO coronatickets.datos_artistas (linkUsuario, nickname, descripcion, biografia) VALUES ('www.shakira.com', 'shakira', 'La descripcion de Shakira', 'La biografia de Shakira');
INSERT INTO coronatickets.datos_artistas (linkUsuario, nickname, descripcion, biografia) VALUES ('www.enanovela.com', 'enanodelavela', 'La descripcion de enano de la vela', 'La biografia del enano');
INSERT INTO coronatickets.datos_artistas (linkUsuario, nickname, descripcion, biografia) VALUES ('www.queen.com', 'fredy', 'La descripcion de Fredy', 'La biografia de Fredy');
INSERT INTO coronatickets.datos_artistas (linkUsuario, nickname, descripcion, biografia) VALUES ('www.beatles.com', 'paulmakarni', 'La descripcion de Paul', 'La biografia de los Beatles');
INSERT INTO coronatickets.datos_artistas (linkUsuario, nickname, descripcion, biografia) VALUES ('https://es.wikipedia.org/wiki/Elvis_Presley', 'elvis', 'El rey del rock', 'Una gran biografia');

INSERT INTO coronatickets.usuarios_seguidores (idUsuarioSeguido, idUsuarioSeguidor) VALUES (3, 1);
INSERT INTO coronatickets.usuarios_seguidores (idUsuarioSeguido, idUsuarioSeguidor) VALUES (1, 2);
INSERT INTO coronatickets.usuarios_seguidores (idUsuarioSeguido, idUsuarioSeguidor) VALUES (16, 2);
INSERT INTO coronatickets.usuarios_seguidores (idUsuarioSeguido, idUsuarioSeguidor) VALUES (1, 4);
INSERT INTO coronatickets.usuarios_seguidores (idUsuarioSeguido, idUsuarioSeguidor) VALUES (16, 4);
INSERT INTO coronatickets.usuarios_seguidores (idUsuarioSeguido, idUsuarioSeguidor) VALUES (2, 5);
INSERT INTO coronatickets.usuarios_seguidores (idUsuarioSeguido, idUsuarioSeguidor) VALUES (6, 5);
INSERT INTO coronatickets.usuarios_seguidores (idUsuarioSeguido, idUsuarioSeguidor) VALUES (1, 6);
INSERT INTO coronatickets.usuarios_seguidores (idUsuarioSeguido, idUsuarioSeguidor) VALUES (16, 6);
INSERT INTO coronatickets.usuarios_seguidores (idUsuarioSeguido, idUsuarioSeguidor) VALUES (1, 7);
INSERT INTO coronatickets.usuarios_seguidores (idUsuarioSeguido, idUsuarioSeguidor) VALUES (6, 8);
INSERT INTO coronatickets.usuarios_seguidores (idUsuarioSeguido, idUsuarioSeguidor) VALUES (6, 11);
INSERT INTO coronatickets.usuarios_seguidores (idUsuarioSeguido, idUsuarioSeguidor) VALUES (1, 13);
INSERT INTO coronatickets.usuarios_seguidores (idUsuarioSeguido, idUsuarioSeguidor) VALUES (1, 16);
INSERT INTO coronatickets.usuarios_seguidores (idUsuarioSeguido, idUsuarioSeguidor) VALUES (11, 16);

INSERT INTO coronatickets.paquetes (fechaFin, nombre, id, descripcion, fechaInicio, descuento, fechaRegistro, imagen) VALUES ('2022-10-12', 'Paqueton Shakira', 1, 'Descripcion Prueba paquete Shakira', '2021-10-19', 20.00, '2021-10-18 00:00:00', 'Paquete1.jpg');
INSERT INTO coronatickets.paquetes (fechaFin, nombre, id, descripcion, fechaInicio, descuento, fechaRegistro, imagen) VALUES ('2021-10-22', 'Paqueton economico de Shakira', 2, 'Paqueton economico de Shakira para fanaticos', '2021-10-01', 12.00, '2021-10-18 00:00:00', 'Paquete2.jpg');
INSERT INTO coronatickets.paquetes (fechaFin, nombre, id, descripcion, fechaInicio, descuento, fechaRegistro, imagen) VALUES ('2021-10-22', 'Super paquete feliz', 3, 'Paqueton feliz de Shakira para fanaticos', '2021-10-01', 12.00, '2021-10-18 00:00:00', 'ElPaquetedeShakira.jpg');
INSERT INTO coronatickets.paquetes (fechaFin, nombre, id, descripcion, fechaInicio, descuento, fechaRegistro, imagen) VALUES ('2021-10-30', 'Super paqueton', 4, 'Buen paquete', '2021-10-21', 15.00, '2021-10-20 00:00:00', 'Paquete3.jpg');
INSERT INTO coronatickets.paquetes (fechaFin, nombre, id, descripcion, fechaInicio, descuento, fechaRegistro, imagen) VALUES ('2021-10-31', 'Paquetón Jaime Ross', 6, 'El paquete de Jaime', '2021-10-29', 30.00, '2021-10-20 00:00:00', 'Paquete4.jpg');
INSERT INTO coronatickets.paquetes (fechaFin, nombre, id, descripcion, fechaInicio, descuento, fechaRegistro, imagen) VALUES ('2021-10-29', 'Otro paquete de Jaime', 7, 'Otro paqueton', '2021-10-22', 45.00, '2021-10-20 00:00:00', 'Paquete5.jpg');

INSERT INTO coronatickets.paquetes_artistas (idArtista, idPaquete) VALUES (1, 6);
INSERT INTO coronatickets.paquetes_artistas (idArtista, idPaquete) VALUES (1, 7);

INSERT INTO coronatickets.plataformas (url, id, nombre, descripcion) VALUES ('www.Facebook.com', 1, 'Facebook', 'Descripcion de Facebook');
INSERT INTO coronatickets.plataformas (url, id, nombre, descripcion) VALUES ('www.twitter.com', 2, 'Twitter', 'Descripcion de Twitter');
INSERT INTO coronatickets.plataformas (url, id, nombre, descripcion) VALUES ('www.twitch.com', 3, 'Twitch', 'Descripcion de Twitch');

INSERT INTO coronatickets.categorias (id, nombre) VALUES (1, 'Rock');
INSERT INTO coronatickets.categorias (id, nombre) VALUES (2, 'Pop');
INSERT INTO coronatickets.categorias (id, nombre) VALUES (3, 'Clasico');
INSERT INTO coronatickets.categorias (id, nombre) VALUES (4, 'Alternativo');

INSERT INTO coronatickets.espectaculos (espectadoresMinimos, url, costo, nombre, id, duracion, descripcion, fechaRegistro, idUsuario, idPlataforma, espectadoresMaximos, idCategoria, estado, imagen) VALUES (100, 'www.superjaime.com', 1000, 'Jaime Ross online', 1, 90, 'Jaime Ross nuevo disco', '2021-10-07', 1, 1, 1000, 1, 'aceptado', 'jaimerossonline.jpg');
INSERT INTO coronatickets.espectaculos (espectadoresMinimos, url, costo, nombre, id, duracion, descripcion, fechaRegistro, idUsuario, idPlataforma, espectadoresMaximos, idCategoria, estado, imagen) VALUES (1, 'www.superpique.com', 1001, 'Shakira en twitch', 2, 60, 'Shakira y Pique', '2021-10-07', 2, 3, 3, 1, 'aceptado', 'shakiraentwitch.jpg');
INSERT INTO coronatickets.espectaculos (espectadoresMinimos, url, costo, nombre, id, duracion, descripcion, fechaRegistro, idUsuario, idPlataforma, espectadoresMaximos, idCategoria, estado, imagen) VALUES (2, 'www.shakira.com', 4, 'Shakira recien ingresado', 3, 1, 'la descripcion del espectaculo de shakira', '2021-10-13', 2, 1, 100, 4, 'ingresado', 'Shakirashakira2.jpg');
INSERT INTO coronatickets.espectaculos (espectadoresMinimos, url, costo, nombre, id, duracion, descripcion, fechaRegistro, idUsuario, idPlataforma, espectadoresMaximos, idCategoria, estado, imagen) VALUES (100, 'www.shakira.com', 1245, 'Shakira cantando bien', 5, 90, 'la descripcion del espectaculo de shakira', '2021-10-13', 2, 1, 500, 2, 'aceptado', 'shakiraacompaniada.jpg');
INSERT INTO coronatickets.espectaculos (espectadoresMinimos, url, costo, nombre, id, duracion, descripcion, fechaRegistro, idUsuario, idPlataforma, espectadoresMaximos, idCategoria, estado, imagen) VALUES (100, 'www.shakira.com', 250, 'Shakira cantando mal', 6, 90, 'la descripcion del espectaculo de shakira', '2021-10-13', 2, 2, 500, 4, 'rechazado', 'Shakirashakira2.jpg');
INSERT INTO coronatickets.espectaculos (espectadoresMinimos, url, costo, nombre, id, duracion, descripcion, fechaRegistro, idUsuario, idPlataforma, espectadoresMaximos, idCategoria, estado, imagen) VALUES (100, 'url', 340, 'Shakira en vivio', 9, 45, 'descripcion', '2021-10-13', 2, 2, 500, 4, 'aceptado', 'shakirashow.jpg');
INSERT INTO coronatickets.espectaculos (espectadoresMinimos, url, costo, nombre, id, duracion, descripcion, fechaRegistro, idUsuario, idPlataforma, espectadoresMaximos, idCategoria, estado, imagen) VALUES (100, 'url', 340, 'Shakira en vivo 2', 10, 45, 'descripcion', '2021-10-13', 2, 2, 500, 4, 'aceptado', 'shakiravivo.jpg');
INSERT INTO coronatickets.espectaculos (espectadoresMinimos, url, costo, nombre, id, duracion, descripcion, fechaRegistro, idUsuario, idPlataforma, espectadoresMaximos, idCategoria, estado, imagen) VALUES (120, 'www.shakira.com', 450, 'Shakira clásico', 11, 80, 'Shakira cantando musica clásica', '2021-10-19', 2, 2, 240, 3, 'ingresado', 'Shakiraclasico.jpg');


INSERT INTO coronatickets.funciones (idEspectaculo, fechaRegistro, id, fechaInicio, nombre, imagen) VALUES (5, '2021-10-14 00:00:00', 1, '2021-10-24 00:00:00', 'Shakira el domingo', null);
INSERT INTO coronatickets.funciones (idEspectaculo, fechaRegistro, id, fechaInicio, nombre, imagen) VALUES (2, '2021-10-15 00:00:00', 4, '2021-10-19 00:00:00', 'Shakira el martes', null);
INSERT INTO coronatickets.funciones (idEspectaculo, fechaRegistro, id, fechaInicio, nombre, imagen) VALUES (9, '2021-10-19 00:00:00', 5, '2021-10-28 00:00:00', 'Funcion el Jueves', null);
INSERT INTO coronatickets.funciones (idEspectaculo, fechaRegistro, id, fechaInicio, nombre, imagen) VALUES (10, '2021-10-19 00:00:00', 6, '2021-10-31 00:00:00', 'Shakira el Domingo de tarde', null);
INSERT INTO coronatickets.funciones (idEspectaculo, fechaRegistro, id, fechaInicio, nombre, imagen) VALUES (5, '2021-10-14 00:00:00', 7, '2021-10-25 00:00:00', 'Shakira el Lunes', null);
INSERT INTO coronatickets.funciones (idEspectaculo, fechaRegistro, id, fechaInicio, nombre, imagen) VALUES (5, '2021-10-14 00:00:00', 8, '2021-10-26 21:30:00', 'Shakira el Martes 2', null);
INSERT INTO coronatickets.funciones (idEspectaculo, fechaRegistro, id, fechaInicio, nombre, imagen) VALUES (5, '2021-10-14 00:00:00', 9, '2021-10-27 22:30:00', 'Shakira el Miercoles', null);
INSERT INTO coronatickets.funciones (idEspectaculo, fechaRegistro, id, fechaInicio, nombre, imagen) VALUES (5, '2021-10-14 00:00:00', 10, '2021-10-28 21:00:00', 'Shakira el Jueves 2', null);
INSERT INTO coronatickets.funciones (idEspectaculo, fechaRegistro, id, fechaInicio, nombre, imagen) VALUES (5, '2021-10-14 00:00:00', 11, '2021-10-29 21:00:00', 'Shakira el Viernes', null);
INSERT INTO coronatickets.funciones (idEspectaculo, fechaRegistro, id, fechaInicio, nombre, imagen) VALUES (2, '2021-10-15 00:00:00', 12, '2021-11-25 00:00:00', 'Shakira con Pique el Lunes', null);
INSERT INTO coronatickets.funciones (idEspectaculo, fechaRegistro, id, fechaInicio, nombre, imagen) VALUES (2, '2021-10-15 00:00:00', 13, '2021-11-26 00:00:00', 'Shakira con Pique el Martes', null);
INSERT INTO coronatickets.funciones (idEspectaculo, fechaRegistro, id, fechaInicio, nombre, imagen) VALUES (2, '2021-10-15 00:00:00', 14, '2021-11-27 00:00:00', 'Shakira con Pique el Miercoles', null);
INSERT INTO coronatickets.funciones (idEspectaculo, fechaRegistro, id, fechaInicio, nombre, imagen) VALUES (2, '2021-10-15 00:00:00', 15, '2021-11-28 00:00:00', 'Shakira con Pique el Jueves', null);
INSERT INTO coronatickets.funciones (idEspectaculo, fechaRegistro, id, fechaInicio, nombre, imagen) VALUES (9, '2021-10-15 00:00:00', 16, '2021-12-25 00:00:00', 'Shakira Shakira en vivio el Lunes', null);
INSERT INTO coronatickets.funciones (idEspectaculo, fechaRegistro, id, fechaInicio, nombre, imagen) VALUES (9, '2021-10-15 00:00:00', 17, '2021-12-26 00:00:00', 'Shakira Shakira en vivio el Martes', null);
INSERT INTO coronatickets.funciones (idEspectaculo, fechaRegistro, id, fechaInicio, nombre, imagen) VALUES (9, '2021-10-15 00:00:00', 18, '2021-12-27 00:00:00', 'Shakira Shakira en vivio el Miercoles', null);
INSERT INTO coronatickets.funciones (idEspectaculo, fechaRegistro, id, fechaInicio, nombre, imagen) VALUES (9, '2021-10-15 00:00:00', 19, '2021-12-28 00:00:00', 'Shakira Shakira en vivio el Jueves', null);
INSERT INTO coronatickets.funciones (idEspectaculo, fechaRegistro, id, fechaInicio, nombre, imagen) VALUES (1, '2021-10-15 00:00:00', 20, '2021-11-15 00:00:00', 'Jaime con los murguistas funcion 1', null);
INSERT INTO coronatickets.funciones (idEspectaculo, fechaRegistro, id, fechaInicio, nombre, imagen) VALUES (1, '2021-10-15 00:00:00', 21, '2021-11-16 00:00:00', 'Jaime con los murguistas funcion 2', null);
INSERT INTO coronatickets.funciones (idEspectaculo, fechaRegistro, id, fechaInicio, nombre, imagen) VALUES (1, '2021-10-15 00:00:00', 22, '2021-11-17 00:00:00', 'Jaime con los murguistas funcion 3', null);
INSERT INTO coronatickets.funciones (idEspectaculo, fechaRegistro, id, fechaInicio, nombre, imagen) VALUES (1, '2021-10-15 00:00:00', 23, '2021-11-18 00:00:00', 'Jaime con los murguistas funcion 4', null);
INSERT INTO coronatickets.funciones (idEspectaculo, fechaRegistro, id, fechaInicio, nombre, imagen) VALUES (1, '2021-10-15 00:00:00', 24, '2021-11-19 00:00:00', 'Jaime con los murguistas funcion 5', null);
INSERT INTO coronatickets.funciones (idEspectaculo, fechaRegistro, id, fechaInicio, nombre, imagen) VALUES (10, '2022-01-15 00:00:00', 25, '2022-01-25 00:00:00', 'Shakira Shakira en vivio 2 el Lunes', null);
INSERT INTO coronatickets.funciones (idEspectaculo, fechaRegistro, id, fechaInicio, nombre, imagen) VALUES (10, '2021-01-15 00:00:00', 26, '2021-01-26 00:00:00', 'Shakira Shakira en vivio 2 el Martes', null);
INSERT INTO coronatickets.funciones (idEspectaculo, fechaRegistro, id, fechaInicio, nombre, imagen) VALUES (10, '2021-01-15 00:00:00', 27, '2021-01-27 00:00:00', 'Shakira Shakira en vivio 2 el Miercoles', null);
INSERT INTO coronatickets.funciones (idEspectaculo, fechaRegistro, id, fechaInicio, nombre, imagen) VALUES (10, '2021-01-15 00:00:00', 28, '2021-01-28 00:00:00', 'Shakira Shakira en vivio 2 el Jueves', null);

INSERT INTO coronatickets.paquetes_espectaculos (idEspectaculo, idPaquete) VALUES (1, 7);
INSERT INTO coronatickets.paquetes_espectaculos (idEspectaculo, idPaquete) VALUES (2, 3);
INSERT INTO coronatickets.paquetes_espectaculos (idEspectaculo, idPaquete) VALUES (5, 2);
INSERT INTO coronatickets.paquetes_espectaculos (idEspectaculo, idPaquete) VALUES (5, 3);
INSERT INTO coronatickets.paquetes_espectaculos (idEspectaculo, idPaquete) VALUES (5, 4);
INSERT INTO coronatickets.paquetes_espectaculos (idEspectaculo, idPaquete) VALUES (9, 2);
INSERT INTO coronatickets.paquetes_espectaculos (idEspectaculo, idPaquete) VALUES (9, 3);
INSERT INTO coronatickets.paquetes_espectaculos (idEspectaculo, idPaquete) VALUES (10, 2);
INSERT INTO coronatickets.paquetes_espectaculos (idEspectaculo, idPaquete) VALUES (10, 3);

INSERT INTO coronatickets.paquetes_usuarios (fechaRegistro, idPaquete, idUsuario) VALUES ('2021-10-22 23:20:04', 1, 1);
INSERT INTO coronatickets.paquetes_usuarios (fechaRegistro, idPaquete, idUsuario) VALUES ('2021-10-22 23:20:06', 2, 1);
INSERT INTO coronatickets.paquetes_usuarios (fechaRegistro, idPaquete, idUsuario) VALUES ('2021-10-22 23:20:07', 3, 1);
INSERT INTO coronatickets.paquetes_usuarios (fechaRegistro, idPaquete, idUsuario) VALUES ('2021-10-22 23:20:08', 4, 1);
INSERT INTO coronatickets.paquetes_usuarios (fechaRegistro, idPaquete, idUsuario) VALUES ('2021-10-22 23:20:09', 6, 1);
INSERT INTO coronatickets.paquetes_usuarios (fechaRegistro, idPaquete, idUsuario) VALUES ('2021-10-22 23:20:10', 7, 1);
INSERT INTO coronatickets.paquetes_usuarios (fechaRegistro, idPaquete, idUsuario) VALUES ('2021-10-20 15:40:43', 1, 2);
INSERT INTO coronatickets.paquetes_usuarios (fechaRegistro, idPaquete, idUsuario) VALUES ('2021-10-20 19:13:57', 3, 16);

INSERT INTO coronatickets.espectadores_funciones (idFuncion, idUsuario, fechaRegistro, costo) VALUES (4, 2, '2021-10-21 18:43:47', 1200);
INSERT INTO coronatickets.espectadores_funciones (idFuncion, idUsuario, fechaRegistro, costo) VALUES (4, 34, '2021-10-21 00:00:00', 1001);
INSERT INTO coronatickets.espectadores_funciones (idFuncion, idUsuario, fechaRegistro, costo) VALUES (1, 1, '2021-10-21 12:14:16', 100);
INSERT INTO coronatickets.espectadores_funciones (idFuncion, idUsuario, fechaRegistro, costo) VALUES (4, 1, '2021-10-22 09:01:20', 200);
INSERT INTO coronatickets.espectadores_funciones (idFuncion, idUsuario, fechaRegistro, costo) VALUES (5, 1, '2021-10-22 09:01:41', 345);