<?xml version="1.0" encoding="UTF-8"?>
<project-private xmlns="http://www.netbeans.org/ns/project-private/1">
    <editor-bookmarks xmlns="http://www.netbeans.org/ns/editor-bookmarks/2" lastBookmarkId="0"/>
    <open-files xmlns="http://www.netbeans.org/ns/projectui-open-files/2">
        <group>
            <file>file:/C:/Users/darie/OneDrive/Desktop/appswing/src/edu/innova/presentacion/Registrar_Espectaculo_en_Paquete.java</file>
            <file>file:/C:/Users/darie/OneDrive/Desktop/appswing/src/edu/innova/presentacion/Todos_Los_Paquetes.java</file>
            <file>file:/C:/Users/darie/OneDrive/Desktop/appswing/src/edu/innova/presentacion/Registrar_Funcion.java</file>
            <file>file:/C:/Users/darie/OneDrive/Desktop/appswing/src/edu/innova/presentacion/Registrar_espectador_a_Funcion.java</file>
        </group>
    </open-files>
</project-private>
